Address,Address2,County,Date,Case,URL,Source,Atty,Atty_Contact
1 KIMBERLY CIRCLE,"Lonoke,  AR  72086",Lonoke,Jul 02 2025 at 11:00 AM local,15-000037-810-7,https://www.hubzu.com/property/87917261671-1-KIMBERLY-CIRCLE-Lonoke-AR-72086,Hubzu.com,"Mackie Wolf Zientz & Mann, P.C.",501-218-8111
101 HANOVER CT,"Summerville,  SC  29485",Dorchester,Jul 01 2025 at 11:00 AM local,020139-00512,https://www.hubzu.com/property/90117303517-101-HANOVER-CT-Summerville-SC-29485,Hubzu.com,"Rogers Townsend & Thomas, P.C.",803-771-7900
101 HIGHLAND AVE,"Sterling,  CO  80751",Logan,Jul 09 2025 at 10:00 AM local,25-033859,https://www.hubzu.com/property/91717242327-101-HIGHLAND-AVE-Sterling-CO-80751,Hubzu.com,Janeway Law Firm,303-706-9990
101 STRIPPIT RD,"Poteau,  OK  74953",Le Flore,Jul 08 2025 at 10:00 AM local,CJ-2023-209,https://www.hubzu.com/property/87916832333-101-STRIPPIT-RD-Poteau-OK-74953,Hubzu.com,The Mortgage Law Firm,619-465-8200
102 Grow Ln,"Streamwood,  IL  60107",Cook,Jul 28 2025 at 10:30 AM local,45-1177,https://www.hubzu.com/property/91716929988-102-Grow-Ln-Streamwood-IL-60107,Hubzu.com,Codilis & Associates PC,630-794-5300
102 KEARNEY AVE,"Jersey City,  NJ  07305",Hudson,Jul 24 2025 at 2:00 PM local,F-001690-22,https://www.hubzu.com/property/87916431131-102-KEARNEY-AVE-Jersey-City-NJ-07305,Hubzu.com,Hill Wallack LLP,609-924-0808
103 PEAKE LN,"Summerville,  SC  29485",Dorchester,Jul 01 2025 at 11:00 AM local,251070.00051,https://www.hubzu.com/property/90117301644-103-PEAKE-LN-Summerville-SC-29485,Hubzu.com,"Scott and Corley, P.A.",803-252-3340
1043  BOONES HOLLOW DR,"Cordova,  TN  38018",SHELBY,Jul 22 2025 at 10:00 AM local,,https://www.hubzu.com/property/87916430781-1043-BOONES-HOLLOW-DR-Cordova-TN-38018,Hubzu.com,Bell Carrington & Price LLC,803-509-5078
105 ROSE MOUNTAIN,"Oceana,  WV  24870",Wyoming,Jul 08 2025 at 12:00 PM local,,https://www.hubzu.com/property/91717022679-105-ROSE-MOUNTAIN-Oceana-WV-24870,Hubzu.com,"Reisenfeld & Associates, LLC",800-886-0831
1050 N MAIN ST,"Tipton,  IN  46072",Tipton,Jul 03 2025 at 2:00 PM local,15-24-01502,https://www.hubzu.com/property/90117301660-1050-N-MAIN-ST-Tipton-IN-46072,Hubzu.com,"Codilis Law, LLC",219-736-5579
107 PENNSYLVANIA LN,"New Florence,  PA  15944",Westmoreland,Jul 07 2025 at 10:00 AM local,,https://www.hubzu.com/property/91716916786-107-PENNSYLVANIA-LN-New-Florence-PA-15944,Hubzu.com,Stern & Eisenberg PC,215-572-8111
10734 HUESEMAN RD,"Aurora,  IN  47001",Dearborn,Jul 24 2025 at 1:30 PM local,,https://www.hubzu.com/property/87916770409-10734-HUESEMAN-RD-Aurora-IN-47001,Hubzu.com,Lender Legal PLLC,407-999-0089
1103 SPANISH OAK DR,"Pearl,  MS  39208",RANKIN,Jul 02 2025 at 11:00 AM local,MS21138,https://www.hubzu.com/property/91716775496-1103-SPANISH-OAK-DR-Pearl-MS-39208,Hubzu.com,Halliday Watkins & Mann PC,801-355-2886
1109 W GOURLEY PIKE,"Bloomington,  IN  47404",Monroe,Jul 18 2025 at 10:00 AM local,G228-116,https://www.hubzu.com/property/90117303516-1109-W-GOURLEY-PIKE-Bloomington-IN-47404,Hubzu.com,"Doyle & Foutty, P.C.",317-264-5000
1111 N LONGSTREET ST,"Kingstree,  SC  29556",Williamsburg,Jul 07 2025 at 12:00 PM local,251136.00118,https://www.hubzu.com/property/90117321025-1111-N-LONGSTREET-ST-Kingstree-SC-29556,Hubzu.com,"Scott and Corley, P.A.",803-252-3340
1120 BOMAR LN,"Greenwood,  IN  46142",Johnson,Jul 17 2025 at 10:00 AM local,111530F01,https://www.hubzu.com/property/90117305376-1120-BOMAR-LN-Greenwood-IN-46142,Hubzu.com,Feiwell & Hannoy PC,317-237-2727
115 OLD CAMPTOWN DR,"Hayesville,  NC  28904",Clay,Jul 03 2025 at 11:00 AM local,25-03137-FC01,https://www.hubzu.com/property/91717232101-115-OLD-CAMPTOWN-DR-Hayesville-NC-28904,Hubzu.com,Brock & Scott PLLC,844-856-6646
117 PARSONS RD,"Oak Ridge,  TN  37830",Anderson,Jul 08 2025 at 11:00 AM local,25-000148-671-1,https://www.hubzu.com/property/91717304569-117-PARSONS-RD-Oak-Ridge-TN-37830,Hubzu.com,"Mackie Wolf Zientz & Mann, P.C.",615-238-3630
118 COLUMBIA AVE,"Tipton,  IN  46072",,,24-009488,https://www.hubzu.com/property/91716978700-118-COLUMBIA-AVE-Tipton-IN-46072,Hubzu.com,Manley Deas & Kochalski LLC,614-220-5611
120 DRY BRANCH CT,"Aiken,  SC  29803",Aiken,Jul 07 2025 at 11:00 AM local,,https://www.hubzu.com/property/90117014548-120-DRY-BRANCH-CT-Aiken-SC-29803,Hubzu.com,Brock & Scott PLLC,844-856-6646
121 FIELDSTONE RD,"Spartanburg,  SC  29301",Spartanburg,Jul 07 2025 at 11:00 AM local,241136.00257,https://www.hubzu.com/property/90117264916-121-FIELDSTONE-RD-Spartanburg-SC-29301,Hubzu.com,"Scott and Corley, P.A.",803-252-3340
1211 BOWER ST,"Elkhart,  IN  46514",Elkhart,Jul 23 2025 at 10:30 AM local,110672F01,https://www.hubzu.com/property/90117303514-1211-BOWER-ST-Elkhart-IN-46514,Hubzu.com,Feiwell & Hannoy PC,317-237-2727
1211 S GILBERT ST UNIT 205,"Castle Rock,  CO  80104",Douglas,Jul 23 2025 at 10:00 AM local,10356749,https://www.hubzu.com/property/91717216270-1211-S-GILBERT-ST-UNIT-205-Castle-Rock-CO-80104,Hubzu.com,Barrett Frappier & Weisserman LLP,972-386-5040
1213 GOFFIN DR,"Desoto,  TX  75115",DALLAS,Jul 01 2025 at 1:00 PM local,20-000356-673,https://www.hubzu.com/property/91716769486-1213-GOFFIN-DR-Desoto-TX-75115,Hubzu.com,"Power Default Services, Inc.",866-960-8299
1217 S 19TH ST,"Tacoma,  WA  98405",PIERCE,Aug 01 2025 at 10:00 AM local,2024-00222-WA,https://www.hubzu.com/property/91717102060-1217-S-19TH-ST-Tacoma-WA-98405,Hubzu.com,"Western Progressive - Washington, Inc.",866-960-8299
1220 COLERICK ST,"Fort Wayne,  IN  46806",Allen,Jul 23 2025 at 2:00 PM local,15-24-01189,https://www.hubzu.com/property/90117301658-1220-COLERICK-ST-Fort-Wayne-IN-46806,Hubzu.com,"Codilis Law, LLC",219-736-5579
1245 GLORY VINE RD,"Whitsett,  NC  27377",GUILFORD,Jul 01 2025 at 2:00 PM local,25SP248,https://www.hubzu.com/property/87916670464-1245-GLORY-VINE-RD-Whitsett-NC-27377,Hubzu.com,McMichael Taylor Gray LLC,404-474-7149
12482 WESTHAMPTON CIR,"Wellington,  FL  33414",Palm Beach,Jul 31 2025 at 10:00 AM local,24-002583-1,https://www.hubzu.com/property/87917264552-12482-WESTHAMPTON-CIR-Wellington-FL-33414,Hubzu.com,Lender Legal PLLC,407-999-0089
125 PENNSYLVANIA AVE,"Ottumwa,  IA  52501",Wapello,Jul 30 2025 at 10:15 AM local,243247,https://www.hubzu.com/property/90116978414-125-PENNSYLVANIA-AVE-Ottumwa-IA-52501,Hubzu.com,"SouthLaw, P.C.",800-381-1536
1292 CHARLOTTES RD,"Clinton,  SC  29325",Laurens,Jul 07 2025 at 11:00 AM local,,https://www.hubzu.com/property/90117023455-1292-CHARLOTTES-RD-Clinton-SC-29325,Hubzu.com,"Robertson Anschutz Schneid Crane & Partners, PLLC",470-321-7112
13 CRAIGIE AVE,"Lawrence,  NJ  08648",Mercer,Jul 09 2025 at 2:00 PM local,24-194908,https://www.hubzu.com/property/91716940370-13-CRAIGIE-AVE-Lawrence-NJ-08648,Hubzu.com,"Robertson Anschutz Schneid Crane & Partners, PLLC",973-575-0707
1332 DOGWOOD DR,"Orangeburg,  SC  29118",Orangeburg,Jul 07 2025 at 2:00 PM local,013225-03806,https://www.hubzu.com/property/90117305380-1332-DOGWOOD-DR-Orangeburg-SC-29118,Hubzu.com,"Rogers Townsend & Thomas, P.C.",803-771-7900
14 WESTBROOK LN,"Greenville,  SC  29605",Greenville,Jul 07 2025 at 11:00 AM local,4016.18224,https://www.hubzu.com/property/90117302381-14-WESTBROOK-LN-Greenville-SC-29605,Hubzu.com,"Riley Pope & Laney, LLC",803-799-9993
1406 ASHLEY AVE,"Fort Wayne,  IN  46825",Allen,Jul 23 2025 at 2:00 PM local,G338-314,https://www.hubzu.com/property/90117301656-1406-ASHLEY-AVE-Fort-Wayne-IN-46825,Hubzu.com,"Doyle & Foutty, P.C.",317-264-5000
1409 17TH ST E,"Bradenton,  FL  34208",Manatee,Jul 22 2025 at 11:00 AM local,,https://www.hubzu.com/property/91716992806-1409-17TH-ST-E-Bradenton-FL-34208,Hubzu.com,"Van Ness Law Firm, PLC",954-571-2031
1419 PASO ROBLES AVE,"Sierra Vista,  AZ  85635",Cochise,Jul 29 2025 at 10:30 AM local,2025-00112-AZ,https://www.hubzu.com/property/91717244372-1419-PASO-ROBLES-AVE-Sierra-Vista-AZ-85635,Hubzu.com,"Western Progressive - Arizona, Inc.",866-960-8299
14298 DELANEY DR,"Fishers,  IN  46038",Hamilton,Jul 10 2025 at 10:00 AM local,29D02-2402-MF-001456,https://www.hubzu.com/property/90117145843-14298-DELANEY-DR-Fishers-IN-46038,Hubzu.com,"Diaz Anselmo Lindberg, P.A.",630-453-6800
1460 CHEROKEE RD,"Florence,  SC  29501",Florence,Jul 01 2025 at 11:00 AM local,,https://www.hubzu.com/property/90117302387-1460-CHEROKEE-RD-Florence-SC-29501,Hubzu.com,"Robertson Anschutz Schneid Crane & Partners, PLLC",470-321-7112
15 GOLDEN OAKS LN,"Fletcher,  NC  28732",Henderson,Jul 15 2025 at 11:00 AM local,25-07601,https://www.hubzu.com/property/91717244467-15-GOLDEN-OAKS-LN-Fletcher-NC-28732,Hubzu.com,Brock & Scott PLLC,844-856-6646
1508 GREENWOOD AVE,"Trenton,  NJ  08609",Mercer,Jul 09 2025 at 2:00 PM local,23-122320-LeR,https://www.hubzu.com/property/91716527741-1508-GREENWOOD-AVE-Trenton-NJ-08609,Hubzu.com,"Robertson Anschutz Schneid Crane & Partners, PLLC",973-575-0707
151 CURTISWOOD AVE,"Sumter,  SC  29150",Sumter,Jul 07 2025 at 12:00 PM local,17560-115832,https://www.hubzu.com/property/91716852158-151-CURTISWOOD-AVE-Sumter-SC-29150,Hubzu.com,Hutchens Law Firm,803-726-2700
15124 SE YAMHILL ST,"Portland,  OR  97233",Multnomah,Jul 30 2025 at 10:00 AM local,132048-OR,https://www.hubzu.com/property/91717216355-15124-SE-YAMHILL-ST-Portland-OR-97233,Hubzu.com,Aldridge Pite LLP,858-750-7600
1518 CLEVELAND AVE,"La Grange Park,  IL  60526",Cook,Jul 07 2025 at 10:30 AM local,45-1201,https://www.hubzu.com/property/91716798040-1518-CLEVELAND-AVE-La-Grange-Park-IL-60526,Hubzu.com,Codilis & Associates PC,630-794-5300
1540 W 74TH PL,"Merrillville,  IN  46410",Lake,Aug 01 2025 at 10:00 AM local,23-030156,https://www.hubzu.com/property/91716896027-1540-W-74TH-PL-Merrillville-IN-46410,Hubzu.com,Manley Deas & Kochalski LLC,614-220-5611
157 NORTH ST,"Wellford,  SC  29385",Spartanburg,Jul 07 2025 at 11:00 AM local,21639-105326,https://www.hubzu.com/property/90117305381-157-NORTH-ST-Wellford-SC-29385,Hubzu.com,Hutchens Law Firm,803-726-2700
15905 WAYCROSS DR,"Biloxi,  MS  39532",JACKSON,Jul 15 2025 at 11:00 AM local,25-35139,https://www.hubzu.com/property/87917284806-15905-WAYCROSS-DR-Biloxi-MS-39532,Hubzu.com,"Vylla Solutions, LLC",888-313-1969
1622 CLARENCE ST,"Sarcoxie,  MO  64862",JASPER,Jul 24 2025 at 2:00 PM local,,https://www.hubzu.com/property/91716528815-1622-CLARENCE-ST-Sarcoxie-MO-64862,Hubzu.com,Millsap & Singer LLC,636-537-0110
1636 7TH AVE N,"Fort Dodge,  IA  50501",Webster,Aug 05 2025 at 9:30 AM local,249049,https://www.hubzu.com/property/90117321029-1636-7TH-AVE-N-Fort-Dodge-IA-50501,Hubzu.com,"SouthLaw, P.C.",800-381-1536
167 HOWARD RD,"Greenwood,  IN  46142",Johnson,Jul 17 2025 at 10:00 AM local,15-24-01255,https://www.hubzu.com/property/90117305377-167-HOWARD-RD-Greenwood-IN-46142,Hubzu.com,"Codilis Law, LLC",219-736-5579
1745 PIERCE RD,"Saginaw,  MI  48604",Saginaw,Jul 11 2025 at 10:00 AM local,,https://www.hubzu.com/property/91716833953-1745-PIERCE-RD-Saginaw-MI-48604,Hubzu.com,Trott Law P.C.,248-642-2515
177 POPLAR RIDGE DR,"Pittsburgh,  PA  15235",Allegheny,Jul 07 2025 at 9:00 AM local,GD-24-002221,https://www.hubzu.com/property/91716896051-177-POPLAR-RIDGE-DR-Pittsburgh-PA-15235,Hubzu.com,Stern & Eisenberg PC,215-572-8111
18039 E 108TH PL,"Commerce City,  CO  80022",Adams,Jul 16 2025 at 10:00 AM local,361145,https://www.hubzu.com/property/87917212791-18039-E-108TH-PL-Commerce-City-CO-80022,Hubzu.com,Barrett Frappier & Weisserman LLP,972-386-5040
1808 CRICKET LN,"Folcroft,  PA  19032",Delaware,Jul 18 2025 at 10:00 AM local,CV2023003415,https://www.hubzu.com/property/91716759955-1808-CRICKET-LN-Folcroft-PA-19032,Hubzu.com,Stern & Eisenberg PC,215-572-8111
181 BELL DR,"Danville,  VA  24541",Danville City,Jul 11 2025 at 1:00 PM local,463386,https://www.hubzu.com/property/93517305143-181-BELL-DR-Danville-VA-24541,Hubzu.com,"Cohn, Goldberg & Deutsch, LLC",410-296-2550
1818 ALFREDA BLVD,"San Pablo,  CA  94806",Contra Costa,Jul 10 2025 at 1:30 PM local,2024-01767-CA,https://www.hubzu.com/property/91716625834-1818-ALFREDA-BLVD-San-Pablo-CA-94806,Hubzu.com,"Western Progressive, LLC",866-960-8299
18343 COURTNEY CT,"Bloomington,  CA  92316",San Bernardino,Jul 16 2025 at 1:00 PM local,2025-00221-CA,https://www.hubzu.com/property/91717231926-18343-COURTNEY-CT-Bloomington-CA-92316,Hubzu.com,"Western Progressive Trustee, LLC",866-960-8299
1916 VERMONT AVE,"Connersville,  IN  47331",Fayette,Jul 09 2025 at 10:00 AM local,G338-498,https://www.hubzu.com/property/90117284441-1916-VERMONT-AVE-Connersville-IN-47331,Hubzu.com,The Sayer Law Group P.C.,319-234-2530
195 N TECUMSEH RD,"Springfield,  OH  45504",,Jun. 24 - Jul. 01,22CV0324,https://www.hubzu.com/property/91716610559-195-N-TECUMSEH-RD-Springfield-OH-45504,Hubzu.com,Manley Deas & Kochalski LLC,614-220-5611
19996 E HWY 74,"Elkins,  AR  72727",Washington,Jul 16 2025 at 10:00 AM local,2025-11527,https://www.hubzu.com/property/91717278973-19996-E-HWY-74-Elkins-AR-72727,Hubzu.com,"Wilson & Associates, PLLC",501-219-9388
20 DEWEY ST,"Portsmouth,  VA  23704",Portsmouth City,Jul 15 2025 at 11:15 AM local,,https://www.hubzu.com/property/91717216347-20-DEWEY-ST-Portsmouth-VA-23704,Hubzu.com,"Western Progressive - Virginia, Inc.",866-960-8299
203 ST ANDREWS RD,"Walden,  NY  12586",Orange,Jul 18 2025 at 10:00 AM local,,https://www.hubzu.com/property/87916821836-203-ST-ANDREWS-RD-Walden-NY-12586,Hubzu.com,"Roach & Lin, P.C.",516-938-3100
20429 ARMANDA CT,"Clinton Township,  MI  48035",Macomb,Aug 01 2025 at 10:00 AM local,,https://www.hubzu.com/property/91717304587-20429-ARMANDA-CT-Clinton-Township-MI-48035,Hubzu.com,Trott Law P.C.,248-642-2515
20451 MORRIS AVE,"Euclid,  OH  44123",Cuyahoga,Jul 14 2025 at 9:00 AM local,979316,https://www.hubzu.com/property/91716781358-20451-MORRIS-AVE-Euclid-OH-44123,Hubzu.com,Manley Deas & Kochalski LLC,614-220-5611
207 GLENDALE AVE,"Greenwood,  SC  29649",Greenwood,Aug 04 2025 at 11:00 AM local,2024-CP-24-00742,https://www.hubzu.com/property/90117284438-207-GLENDALE-AVE-Greenwood-SC-29649,Hubzu.com,Brock & Scott PLLC,844-856-6646
207 W 4TH AVE,"Indianola,  IA  50125",Warren,Jul 17 2025 at 10:00 AM local,247340,https://www.hubzu.com/property/90117264920-207-W-4TH-AVE-Indianola-IA-50125,Hubzu.com,"SouthLaw, P.C.",800-381-1536
2130 OLD MILL RD,"Madison,  OH  44057",Lake,Jul 07 2025 at 10:00 AM local,F23-47055,https://www.hubzu.com/property/91717009177-2130-OLD-MILL-RD-Madison-OH-44057,Hubzu.com,Reimer Law Co.,440-600-5500
21417 LAKE RD,"Ironton,  MN  56455",Crow Wing,Jul 10 2025 at 10:00 AM local,23-116108,https://www.hubzu.com/property/87916430188-21417-LAKE-RD-Ironton-MN-56455,Hubzu.com,LOGS Legal Group LLP,952-821-4060
221 OSCEOLA AVE E,"Harris,  IA  51345",Osceola,Jul 08 2025 at 10:00 AM local,243351,https://www.hubzu.com/property/90117218899-221-OSCEOLA-AVE-E-Harris-IA-51345,Hubzu.com,"SouthLaw, P.C.",800-381-1536
222 S SODERQUIST RD,"Turlock,  CA  95380",STANISLAUS,Jul 11 2025 at 1:00 PM local,00000010160216,https://www.hubzu.com/property/91717007399-222-S-SODERQUIST-RD-Turlock-CA-95380,Hubzu.com,Barrett Daffin Frappier Treder & Weiss LLP,972-386-5040
22666 Road L34,"Underwood,  IA  51576",Pottawattamie,Jul 18 2025 at 10:00 AM local,,https://www.hubzu.com/property/90117285107-22666-Road-L34-Underwood-IA-51576,Hubzu.com,"SouthLaw, P.C.",800-381-1536
228 SHEFFIELD DR,"York,  SC  29745",York,Jul 07 2025 at 11:00 AM local,,https://www.hubzu.com/property/90117321011-228-SHEFFIELD-DR-York-SC-29745,Hubzu.com,Bell Carrington & Price LLC,803-509-5078
23 TURTLE CT,"Delanco,  NJ  08075",Burlington,Jul 17 2025 at 12:00 PM local,F-007399-24,https://www.hubzu.com/property/87916978910-23-TURTLE-CT-Delanco-NJ-08075,Hubzu.com,Hill Wallack LLP,609-924-0808
2337 LAURIE ST,"Cayce,  SC  29033",Lexington,Aug 04 2025 at 11:00 AM local,2023-CP-32-01872,https://www.hubzu.com/property/91716528038-2337-LAURIE-ST-Cayce-SC-29033,Hubzu.com,Hutchens Law Firm,803-726-2700
234 CLAYTON ST,"Ottumwa,  IA  52501",Wapello,Jul 30 2025 at 10:00 AM local,245479,https://www.hubzu.com/property/90117302385-234-CLAYTON-ST-Ottumwa-IA-52501,Hubzu.com,"SouthLaw, P.C.",800-381-1536
2406 PROSPECT LN,"Williamsport,  PA  17701",Lycoming,Aug 01 2025 at 10:30 AM local,,https://www.hubzu.com/property/91716770678-2406-PROSPECT-LN-Williamsport-PA-17701,Hubzu.com,Stern & Eisenberg PC,215-572-8111
24283 CALLEN ST,"Parksley,  VA  23421",Accomack,Jul 30 2025 at 1:45 PM local,,https://www.hubzu.com/property/91717262398-24283-CALLEN-ST-Parksley-VA-23421,Hubzu.com,BWW Law Group LLC,804-282-0463
2495 HACKS CROSS RD,"Germantown,  TN  38138",SHELBY,Jul 08 2025 at 10:00 AM local,2023-00083-TN,https://www.hubzu.com/property/91716870749-2495-HACKS-CROSS-RD-Germantown-TN-38138,Hubzu.com,"Western Progressive - Tennessee, Inc",866-960-8299
2540 LORI DR SW,"Cedar Rapids,  IA  52404",Linn,Jul 15 2025 at 10:00 AM local,235706,https://www.hubzu.com/property/90117305374-2540-LORI-DR-SW-Cedar-Rapids-IA-52404,Hubzu.com,"SouthLaw, P.C.",800-381-1536
25717 PIONEER TRL,"Council Bluffs,  IA  51503",Pottawattamie,Jul 18 2025 at 10:00 AM local,,https://www.hubzu.com/property/90117285108-25717-PIONEER-TRL-Council-Bluffs-IA-51503,Hubzu.com,"SouthLaw, P.C.",800-381-1536
2586 DUET DR,"West Sacramento,  CA  95691",Yolo,Jul 17 2025 at 12:45 PM local,2024-01164-CA,https://www.hubzu.com/property/91716992810-2586-DUET-DR-West-Sacramento-CA-95691,Hubzu.com,"Western Progressive Trustee, LLC",866-960-8299
27484 COPELAND RD,"Athens,  AL  35613",Limestone,Jul 09 2025 at 11:00 AM local,AL2025-00193,https://www.hubzu.com/property/87917301488-27484-COPELAND-RD-Athens-AL-35613,Hubzu.com,McMichael Taylor Gray LLC,404-474-7149
28648 N 165TH AVE,"Surprise,  AZ  85387",Maricopa,Jul 09 2025 at 10:30 AM local,23-09087,https://www.hubzu.com/property/91717008994-28648-N-165TH-AVE-Surprise-AZ-85387,Hubzu.com,"Tiffany & Bosco, P.A.",602-255-6000
2905 SANTA LUCIA ST,"Corpus Christi,  TX  78415",NUECES,Aug 05 2025 at 10:00 AM local,,https://www.hubzu.com/property/91717009147-2905-SANTA-LUCIA-ST-Corpus-Christi-TX-78415,Hubzu.com,Hughes Watters & Askanase LLP,713-590-4200
2952 HURON ST,"Allentown,  PA  18103",Lehigh,Jul 18 2025 at 10:00 AM local,2024-C-3251,https://www.hubzu.com/property/91716833520-2952-HURON-ST-Allentown-PA-18103,Hubzu.com,Stern & Eisenberg PC,215-572-8111
3019 ROSE AVE,"Erie,  PA  16510",Erie,Jul 18 2025 at 10:00 AM local,24-243332- JeP,https://www.hubzu.com/property/87917107268-3019-ROSE-AVE-Erie-PA-16510,Hubzu.com,"Robertson Anschutz Schneid Crane & Partners, PLLC",855-225-6906
302 WASHINGTON AVE,"Frankfort,  IN  46041",Clinton,Jul 23 2025 at 10:00 AM local,24-024484,https://www.hubzu.com/property/91716714036-302-WASHINGTON-AVE-Frankfort-IN-46041,Hubzu.com,Manley Deas & Kochalski LLC,614-220-5611
303 PALAMA DR,"Kahului,  HI  96732",Maui,Jul 21 2025 at 11:00 AM local,140050,https://www.hubzu.com/property/90117071302-303-PALAMA-DR-Kahului-HI-96732,Hubzu.com,The Mortgage Law Firm,619-465-8200
304 4TH ST,"Luling,  LA  70070",Saint Charles,Jul 23 2025 at 10:00 AM local,24-031136,https://www.hubzu.com/property/87916943639-304-4TH-ST-Luling-LA-70070,Hubzu.com,LOGS Legal Group LLP,504-831-7726
3050 MEETING HOUSE LN,"Indianapolis,  IN  46222",Marion,Jul 18 2025 at 10:00 AM local,24-027160,https://www.hubzu.com/property/90117301662-3050-MEETING-HOUSE-LN-Indianapolis-IN-46222,Hubzu.com,Manley Deas & Kochalski LLC,614-220-5611
307 3RD AVE,"Low Moor,  IA  52757",Clinton,Jul 25 2025 at 9:30 AM local,,https://www.hubzu.com/property/90117303513-307-3RD-AVE-Low-Moor-IA-52757,Hubzu.com,Dentons Davis Brown,515-288-2500
313 W WILDWOOD DR,"San Antonio,  TX  78212",BEXAR,Jul 01 2025 at 1:00 PM local,24-001110-673,https://www.hubzu.com/property/91717158171-313-W-WILDWOOD-DR-San-Antonio-TX-78212,Hubzu.com,"Power Default Services, Inc.",866-960-8299
31510 SUNSET DR,"Painter,  VA  23420",Accomack,Jul 11 2025 at 12:30 PM local,,https://www.hubzu.com/property/91717102080-31510-SUNSET-DR-Painter-VA-23420,Hubzu.com,BWW Law Group LLC,804-282-0463
3229 NEWMAN LN,"Shreveport,  LA  71119",Caddo,Jul 02 2025 at 10:00 AM local,,https://www.hubzu.com/property/91716950074-3229-NEWMAN-LN-Shreveport-LA-71119,Hubzu.com,LOGS Legal Group LLP,504-831-7726
323 E PRAIRIE ST,"Belle Plaine,  MN  56011",Scott,Jul 29 2025 at 10:00 AM local,,https://www.hubzu.com/property/91716619070-323-E-PRAIRIE-ST-Belle-Plaine-MN-56011,Hubzu.com,Halliday Watkins & Mann PC,801-355-2886
32589 RICHARDSON ST,"Menifee,  CA  92584",Riverside,Jul 16 2025 at 9:30 AM local,2025-00110-CA,https://www.hubzu.com/property/91717216116-32589-RICHARDSON-ST-Menifee-CA-92584,Hubzu.com,"Western Progressive Trustee, LLC",866-960-8299
328 E KIMBALL ST,"Hancock,  IA  51536",Pottawattamie,Jul 11 2025 at 10:00 AM local,244108,https://www.hubzu.com/property/90117264919-328-E-KIMBALL-ST-Hancock-IA-51536,Hubzu.com,"SouthLaw, P.C.",800-381-1536
3333 CONSERVANCY DR,"Chesapeake,  VA  23323",Chesapeake City,Jul 29 2025 at 2:45 PM local,VA-376039-1,https://www.hubzu.com/property/91717244665-3333-CONSERVANCY-DR-Chesapeake-VA-23323,Hubzu.com,BWW Law Group LLC,804-282-0463
335 N ROBINSON ST,"Schoolcraft,  MI  49087",Kalamazoo,Jul 17 2025 at 10:00 AM local,25-006492,https://www.hubzu.com/property/87916747165-335-N-ROBINSON-ST-Schoolcraft-MI-49087,Hubzu.com,Orlans PC,248-502-1400
336 HIDDEN COVE DR,"Little River,  SC  29566",Horry,Jul 07 2025 at 11:00 AM local,,https://www.hubzu.com/property/90117321012-336-HIDDEN-COVE-DR-Little-River-SC-29566,Hubzu.com,Bell Carrington & Price LLC,803-509-5078
34 ARGYLE CT,"Simpsonville,  SC  29681",Greenville,Jul 07 2025 at 11:00 AM local,,https://www.hubzu.com/property/87916264085-34-ARGYLE-CT-Simpsonville-SC-29681,Hubzu.com,Hutchens Law Firm,803-726-2700
34 LAKESHORE DR,"Danville,  IL  61832",Vermilion,Jul 10 2025 at 10:00 AM local,24FC39,https://www.hubzu.com/property/87916963966-34-LAKESHORE-DR-Danville-IL-61832,Hubzu.com,Lender Legal PLLC,407-730-4644
36121 W OLIVO ST,"Maricopa,  AZ  85138",Pinal,Jul 29 2025 at 10:30 AM local,23-05585,https://www.hubzu.com/property/91717008995-36121-W-OLIVO-ST-Maricopa-AZ-85138,Hubzu.com,"Tiffany & Bosco, P.A.",602-255-6000
3674 TRINITY LN,"Abilene,  TX  79602",TAYLOR,Jul 01 2025 at 1:00 PM local,25-000118-673,https://www.hubzu.com/property/91717216629-3674-TRINITY-LN-Abilene-TX-79602,Hubzu.com,"Power Default Services, Inc.",866-960-8299
37 SMITH RD,"Warwick,  MA  01378",Franklin,Jul 09 2025 at 12:00 PM local,22-041738,https://www.hubzu.com/property/91716745791-37-SMITH-RD-Warwick-MA-01378,Hubzu.com,Korde & Associates,978-256-1500
370 AUSTIN ST,"Timpson,  TX  75975",Shelby,Jul 01 2025 at 1:00 PM local,24TX267-0621,https://www.hubzu.com/property/87917100553-370-AUSTIN-ST-Timpson-TX-75975,Hubzu.com,Miller George & Suggs PLLC,972-532-0128
3902 GUADALAJARA,"Laredo,  TX  78046",WEBB,Jul 01 2025 at 1:00 PM local,24-000828-673,https://www.hubzu.com/property/91717025963-3902-GUADALAJARA-Laredo-TX-78046,Hubzu.com,"Power Default Services, Inc.",866-960-8299
39737 MANOR DR APT 31,"Harrison Township,  MI  48045",Macomb,Jul 18 2025 at 10:00 AM local,,https://www.hubzu.com/property/91717304366-39737-MANOR-DR-APT-31-Harrison-Township-MI-48045,Hubzu.com,Trott Law P.C.,248-642-2515
401 E SOUTH ST,"Eaton,  IN  47338",Delaware,Jul 09 2025 at 10:00 AM local,G280-409,https://www.hubzu.com/property/90117215900-401-E-SOUTH-ST-Eaton-IN-47338,Hubzu.com,"Doyle & Foutty, P.C.",317-264-5000
4038 PHELPS DR,"Brooklyn,  IA  52211",Poweshiek,Jul 23 2025 at 9:00 AM local,247984,https://www.hubzu.com/property/90117285110-4038-PHELPS-DR-Brooklyn-IA-52211,Hubzu.com,"SouthLaw, P.C.",800-381-1536
409 MANA VISTA CT,"Lexington,  SC  29072",Lexington,Jul 07 2025 at 11:00 AM local,013225-03803,https://www.hubzu.com/property/90117321024-409-MANA-VISTA-CT-Lexington-SC-29072,Hubzu.com,"Rogers Townsend & Thomas, P.C.",803-771-7900
4112 TRABERT CT,"Dover,  PA  17315",York,Aug 04 2025 at 2:00 PM local,2024-SU-001912,https://www.hubzu.com/property/87916976387-4112-TRABERT-CT-Dover-PA-17315,Hubzu.com,Hill Wallack LLP,215-579-7700
4166 W STATE ST,"Edinburg,  PA  16116",Lawrence,Jul 09 2025 at 10:00 AM local,,https://www.hubzu.com/property/91716699920-4166-W-STATE-ST-Edinburg-PA-16116,Hubzu.com,"Robertson Anschutz Schneid Crane & Partners, PLLC",855-225-6906
417 BAY LEAF DR,"Kissimmee,  FL  34759",Polk,Jul 08 2025 at 10:00 AM local,2022-CA-002101,https://www.hubzu.com/property/87916620299-417-BAY-LEAF-DR-Kissimmee-FL-34759,Hubzu.com,Lender Legal PLLC,407-999-0089
42274 MISTY WAY,"Hemet,  CA  92544",Riverside,Jul 10 2025 at 9:30 AM local,2025-00098-CA,https://www.hubzu.com/property/91717216303-42274-MISTY-WAY-Hemet-CA-92544,Hubzu.com,"Western Progressive Trustee, LLC",866-960-8299
423 S 8TH ST,"West Terre Haute,  IN  47885",Vigo,Jul 17 2025 at 10:00 AM local,G338-523,https://www.hubzu.com/property/90117303518-423-S-8TH-ST-West-Terre-Haute-IN-47885,Hubzu.com,"Doyle & Foutty, P.C.",317-264-5000
4230 WABASH AVE,"Hammond,  IN  46327",Lake,Jul 11 2025 at 10:00 AM local,24-000303,https://www.hubzu.com/property/91716897750-4230-WABASH-AVE-Hammond-IN-46327,Hubzu.com,Manley Deas & Kochalski LLC,614-220-5611
424 MAGAZINE ST,"Pulaski,  VA  24301",Pulaski,Aug 01 2025 at 1:00 PM local,85-25-003575 FC,https://www.hubzu.com/property/87917107273-424-MAGAZINE-ST-Pulaski-VA-24301,Hubzu.com,"Robertson Anschutz Schneid Crane & Partners, PLLC",844-442-2150
428 CRICKETT HOLLOW LN,"Milford,  DE  19963",Kent,Jul 03 2025 at 10:00 AM local,,https://www.hubzu.com/property/91716669066-428-CRICKETT-HOLLOW-LN-Milford-DE-19963,Hubzu.com,McCabe Weisberg & Conway LLC,302-409-3520
428 HOWIE RD,"Big Timber,  MT  59011",Sweet Grass,Jul 01 2025 at 2:00 PM local,MT11518,https://www.hubzu.com/property/87916627926-428-HOWIE-RD-Big-Timber-MT-59011,Hubzu.com,Halliday Watkins & Mann PC,801-355-2886
4338 BELL HOLLOW RD,"Cannelton,  IN  47520",Perry,Jul 16 2025 at 10:00 AM local,F338-2,https://www.hubzu.com/property/90117285106-4338-BELL-HOLLOW-RD-Cannelton-IN-47520,Hubzu.com,"Doyle & Foutty, P.C.",317-264-5000
436 E 59TH ST,"Long Beach,  CA  90805",Los Angeles,Jul 02 2025 at 11:00 AM local,2023-01201-CA,https://www.hubzu.com/property/91716811528-436-E-59TH-ST-Long-Beach-CA-90805,Hubzu.com,"Western Progressive, LLC",866-960-8299
4593 KARWOOD DR,"Rock Hill,  SC  29732",York,Jul 07 2025 at 11:00 AM local,2023-CP-46-03520,https://www.hubzu.com/property/87916265232-4593-KARWOOD-DR-Rock-Hill-SC-29732,Hubzu.com,"Riley Pope & Laney, LLC",803-799-9993
46 CHICHESTER RD,"Monroe Township,  NJ  08831",Middlesex,Jul 09 2025 at 1:30 PM local,F-008613-24,https://www.hubzu.com/property/91716933336-46-CHICHESTER-RD-Monroe-Township-NJ-08831,Hubzu.com,"Robertson Anschutz Schneid Crane & Partners, PLLC",973-575-0707
4675 CYGNUS RD,"Bellemont,  AZ  86015",Coconino,Jul 31 2025 at 10:30 AM local,2024-00359-AZ,https://www.hubzu.com/property/91717129783-4675-CYGNUS-RD-Bellemont-AZ-86015,Hubzu.com,"Western Progressive - Arizona, Inc.",866-960-8299
4804 WATERVIEW CIR,"Palm Springs,  FL  33461",Palm Beach,Jul 23 2025 at 10:00 AM local,2023CA014855,https://www.hubzu.com/property/87917264549-4804-WATERVIEW-CIR-Palm-Springs-FL-33461,Hubzu.com,Aldridge Pite LLP,855-571-0578
501 BEAVERVIEW DR,"Bristol,  VA  24201",Bristol City,Jul 07 2025 at 3:45 PM local,VA-360046-2,https://www.hubzu.com/property/91716714573-501-BEAVERVIEW-DR-Bristol-VA-24201,Hubzu.com,BWW Law Group LLC,804-282-0463
5016 HIGHWAY 92,"Prole,  IA  50229",Warren,Jul 10 2025 at 10:00 AM local,,https://www.hubzu.com/property/90116852018-5016-HIGHWAY-92-Prole-IA-50229,Hubzu.com,Dentons Davis Brown,515-288-2500
518 High St,"Pleasant City,  OH  43772",Guernsey,Jul 18 2025 at 10:00 AM local,24CV000461,https://www.hubzu.com/property/87917023686-518-High-St-Pleasant-City-OH-43772,Hubzu.com,Sandhu Law Group LLC,216-373-1001
5190 S MAIN ST,"Cowpens,  SC  29330",Spartanburg,Jul 07 2025 at 11:00 AM local,251070.00033,https://www.hubzu.com/property/90117321028-5190-S-MAIN-ST-Cowpens-SC-29330,Hubzu.com,"Scott and Corley, P.A.",803-252-3340
534 GERANIUM ST,"Graniteville,  SC  29829",Aiken,Jul 07 2025 at 11:00 AM local,251164.00022,https://www.hubzu.com/property/90117321027-534-GERANIUM-ST-Graniteville-SC-29829,Hubzu.com,"Scott and Corley, P.A.",803-252-3340
5426 SANDUSKY RD,"Peck,  MI  48466",Sanilac,Jul 17 2025 at 10:00 AM local,25-007521,https://www.hubzu.com/property/87917302276-5426-SANDUSKY-RD-Peck-MI-48466,Hubzu.com,Orlans PC,248-502-1400
5525 PRAIRIE DOG DR,"Indianapolis,  IN  46237",Marion,Jul 18 2025 at 10:30 AM local,15-24-01678,https://www.hubzu.com/property/90117301655-5525-PRAIRIE-DOG-DR-Indianapolis-IN-46237,Hubzu.com,"Codilis Law, LLC",219-736-5579
564 HALLER ST,"Lima,  OH  45801",Allen,Jul 30 2025 at 11:00 AM local,CF20240073,https://www.hubzu.com/property/87916961922-564-HALLER-ST-Lima-OH-45801,Hubzu.com,LOGS Legal Group LLP,513-396-8100
5840 LONGWOOD DR UNIT 102,"Murrells Inlet,  SC  29576",Horry,Aug 04 2025 at 11:00 AM local,,https://www.hubzu.com/property/90117403863-5840-LONGWOOD-DR-UNIT-102-Murrells-Inlet-SC-29576,Hubzu.com,"Robertson Anschutz Schneid Crane & Partners, PLLC",470-321-7112
6 IRONWOOD DR,"Cottonwood,  ID  83522",Idaho,Jul 23 2025 at 2:00 PM local,,https://www.hubzu.com/property/91717216054-6-IRONWOOD-DR-Cottonwood-ID-83522,Hubzu.com,"McCarthy Holthus, LLP",877-369-6122
6 WINDSOR CIR,"Anniston,  AL  36207",Calhoun,Jul 01 2025 at 11:00 AM local,,https://www.hubzu.com/property/87917016713-6-WINDSOR-CIR-Anniston-AL-36207,Hubzu.com,"McPhail Sanchez, LLC",251-438-2333
60 PKWY DR E APT 2C,"East Orange,  NJ  07017",Essex,Jul 22 2025 at 1:30 PM local,24-239035-CaV,https://www.hubzu.com/property/91717025943-60-PKWY-DR-E-APT-2C-East-Orange-NJ-07017,Hubzu.com,"Robertson Anschutz Schneid Crane & Partners, PLLC",973-575-0707
6060 WEDDEL ST,"Taylor,  MI  48180",Wayne,Jul 17 2025 at 11:00 AM local,,https://www.hubzu.com/property/91716897807-6060-WEDDEL-ST-Taylor-MI-48180,Hubzu.com,Trott Law P.C.,248-642-2515
6084 HAWORTH CIR,"Plainfield,  IN  46168",Hendricks,Jul 17 2025 at 10:00 AM local,G280-427,https://www.hubzu.com/property/90117215906-6084-HAWORTH-CIR-Plainfield-IN-46168,Hubzu.com,"Doyle & Foutty, P.C.",317-264-5000
6133 CALLAN DR,"Colorado Springs,  CO  80927",El Paso,Jul 02 2025 at 10:00 AM local,,https://www.hubzu.com/property/87917219144-6133-CALLAN-DR-Colorado-Springs-CO-80927,Hubzu.com,Janeway Law Firm,303-706-9990
616 E REYNOLDS,"New Castle,  PA  16101",Lawrence,Jul 09 2025 at 10:00 AM local,23-069595,https://www.hubzu.com/property/87916808302-616-E-REYNOLDS-New-Castle-PA-16101,Hubzu.com,LOGS Legal Group LLP,610-278-6800
622 WARREN ST,"Beverly,  NJ  08010",Burlington,Jul 17 2025 at 12:00 PM local,24-223305-LeR,https://www.hubzu.com/property/91716527988-622-WARREN-ST-Beverly-NJ-08010,Hubzu.com,"Robertson Anschutz Schneid Crane & Partners, PLLC",973-575-0707
624 SINGING WATER DR,"Rockwall,  TX  75087",Rockwall,Jul 01 2025 at 11:00 AM local,25-000185-673,https://www.hubzu.com/property/91717232094-624-SINGING-WATER-DR-Rockwall-TX-75087,Hubzu.com,"Power Default Services, Inc.",866-960-8299
640 WOLF CREEK RD,"Pickens,  SC  29671",Pickens,Jul 07 2025 at 11:00 AM local,,https://www.hubzu.com/property/90117305373-640-WOLF-CREEK-RD-Pickens-SC-29671,Hubzu.com,Albertelli Law,803-828-0880
64734 CEDAR RD,"Wakarusa,  IN  46573",St Joseph,Jul 17 2025 at 10:00 AM local,15-23-01647,https://www.hubzu.com/property/90117301648-64734-CEDAR-RD-Wakarusa-IN-46573,Hubzu.com,"Codilis Law, LLC",219-736-5579
658 FOREST GLEN DR UNIT 658,"Valparaiso,  IN  46385",Porter,Jul 30 2025 at 10:00 AM local,110548F01,https://www.hubzu.com/property/90117321020-658-FOREST-GLEN-DR-UNIT-658-Valparaiso-IN-46385,Hubzu.com,Feiwell & Hannoy PC,317-237-2727
702 MONROE ST,"Walkerton,  IN  46574",St Joseph,Jul 17 2025 at 10:00 AM local,24-008414,https://www.hubzu.com/property/91716974920-702-MONROE-ST-Walkerton-IN-46574,Hubzu.com,Manley Deas & Kochalski LLC,614-220-5611
71 EVERGREEN DR,"East Longmeadow,  MA  01028",Hampden,Jul 10 2025 at 1:00 PM local,18-15609,https://www.hubzu.com/property/87916974789-71-EVERGREEN-DR-East-Longmeadow-MA-01028,Hubzu.com,Brock & Scott PLLC,844-856-6646
710 MAPLE DR,"Aurora,  MN  55705",Saint Louis,Jul 30 2025 at 10:00 AM local,,https://www.hubzu.com/property/91717244481-710-MAPLE-DR-Aurora-MN-55705,Hubzu.com,Halliday Watkins & Mann PC,801-355-2886
7426 W LONE CACTUS DR,"Glendale,  AZ  85308",Maricopa,Jul 09 2025 at 10:30 AM local,,https://www.hubzu.com/property/91717231922-7426-W-LONE-CACTUS-DR-Glendale-AZ-85308,Hubzu.com,"Western Progressive - Arizona, Inc.",866-960-8299
75 CHADWICK DR,"Rochester,  NY  14618",Monroe,Jul 22 2025 at 10:00 AM local,,https://www.hubzu.com/property/91716527703-75-CHADWICK-DR-Rochester-NY-14618,Hubzu.com,LOGS Legal Group LLP,585-247-9000
7718 NEW JERSEY AVE,"Kansas City,  KS  66112",Wyandotte,Jul 15 2025 at 10:00 AM local,,https://www.hubzu.com/property/91716770649-7718-NEW-JERSEY-AVE-Kansas-City-KS-66112,Hubzu.com,Millsap & Singer LLC,636-537-0110
7730 COFFEE ML,"San Antonio,  TX  78252",BEXAR,Jul 01 2025 at 1:00 PM local,25-000383-673,https://www.hubzu.com/property/91717279027-7730-COFFEE-ML-San-Antonio-TX-78252,Hubzu.com,"Power Default Services, Inc.",866-960-8299
78-6732 MAKENAWAI ST,"Kailua Kona,  HI  96740",Hawaii,Jul 01 2025 at 12:00 PM local,,https://www.hubzu.com/property/90117302383-78-6732-MAKENAWAI-ST-Kailua-Kona-HI-96740,Hubzu.com,The Mortgage Law Firm,619-465-8200
7903 INDEPENDENCE ST,"Merrillville,  IN  46410",Lake,Aug 01 2025 at 10:00 AM local,25-000390,https://www.hubzu.com/property/91717216095-7903-INDEPENDENCE-ST-Merrillville-IN-46410,Hubzu.com,Manley Deas & Kochalski LLC,614-220-5611
8 HORSESHOE DR,"Acton,  MA  01720",Middlesex,Jul 14 2025 at 1:00 PM local,24-13497,https://www.hubzu.com/property/87916965217-8-HORSESHOE-DR-Acton-MA-01720,Hubzu.com,Brock & Scott PLLC,844-856-6646
802 LINCOLN AVE,"Bedford,  IN  47421",Lawrence,Jul 08 2025 at 1:00 PM local,G280-49,https://www.hubzu.com/property/90117302390-802-LINCOLN-AVE-Bedford-IN-47421,Hubzu.com,"Doyle & Foutty, P.C.",317-264-5000
8131 W EVERGREEN  DR,"Frankfort,  IL  60423",Will,Jul 10 2025 at 12:00 PM local,24FC0375-0,https://www.hubzu.com/property/91716770690-8131-W-EVERGREEN-DR-Frankfort-IL-60423,Hubzu.com,Codilis & Associates PC,630-794-5300
8145 BLAKE BLVD,"Newburgh,  IN  47630",Warrick,Jul 10 2025 at 1:00 PM local,24-007357,https://www.hubzu.com/property/90117301661-8145-BLAKE-BLVD-Newburgh-IN-47630,Hubzu.com,Manley Deas & Kochalski LLC,614-220-5611
830 ROUTE 9,"Bayville,  NJ  08721",Ocean,Jul 08 2025 at 2:00 PM local,F-014524-23,https://www.hubzu.com/property/91716895876-830-ROUTE-9-Bayville-NJ-08721,Hubzu.com,"Robertson Anschutz Schneid Crane & Partners, PLLC",973-575-0707
86 SCRAPETOWN RD,"Pemberton,  NJ  08068",Burlington,Jul 24 2025 at 12:00 PM local,F-006090-24,https://www.hubzu.com/property/91716723800-86-SCRAPETOWN-RD-Pemberton-NJ-08068,Hubzu.com,"Robertson Anschutz Schneid Crane & Partners, PLLC",973-575-0707
87741 RENDEZVOUS LOOP,"Veneta,  OR  97487",LANE,Jul 31 2025 at 10:00 AM local,06302016,https://www.hubzu.com/property/91717007385-87741-RENDEZVOUS-LOOP-Veneta-OR-97487,Hubzu.com,Aldridge Pite LLP,858-750-7600
88 E 6TH AVE,"Pine Hill,  NJ  08021",Camden,Jul 02 2025 at 12:00 PM local,F-007546-24,https://www.hubzu.com/property/91716983797-88-E-6TH-AVE-Pine-Hill-NJ-08021,Hubzu.com,"Robertson Anschutz Schneid Crane & Partners, PLLC",973-575-0707
9012 WINDJAMMER DR,"Tega Cay,  SC  29708",York,Jul 07 2025 at 11:00 AM local,,https://www.hubzu.com/property/90117321010-9012-WINDJAMMER-DR-Tega-Cay-SC-29708,Hubzu.com,Bell Carrington & Price LLC,803-509-5078
9020 326TH AVE EAST,"Duette,  FL  34219",Manatee,Jul 16 2025 at 11:00 AM local,,https://www.hubzu.com/property/87916964967-9020-326TH-AVE-EAST-Duette-FL-34219,Hubzu.com,Lender Legal PLLC,407-999-0089
904 SAMARIA RD,"Springfield,  SC  29146",Orangeburg,Jul 07 2025 at 2:00 PM local,251103.00010,https://www.hubzu.com/property/90117321026-904-SAMARIA-RD-Springfield-SC-29146,Hubzu.com,"Scott and Corley, P.A.",803-252-3340
908 VIEW HARBOUR RD,"Knoxville,  TN  37934",KNOX,Jul 17 2025 at 12:00 PM local,22-000079-391-2,https://www.hubzu.com/property/91717127989-908-VIEW-HARBOUR-RD-Knoxville-TN-37934,Hubzu.com,"Mackie Wolf Zientz & Mann, P.C.",615-238-3630
914 E LAKE ST,"Griffith,  IN  46319",Lake,Jul 11 2025 at 10:00 AM local,,https://www.hubzu.com/property/87917065873-914-E-LAKE-ST-Griffith-IN-46319,Hubzu.com,Lender Legal PLLC,407-999-0089
930 KAHEKA ST APT 2704,"Honolulu,  HI  96814",Honolulu,Jul 02 2025 at 12:00 PM local,167095,https://www.hubzu.com/property/90117303512-930-KAHEKA-ST-APT-2704-Honolulu-HI-96814,Hubzu.com,The Mortgage Law Firm,619-465-8200
940 VERANDA WAY,"Florence,  SC  29501",Florence,Jul 01 2025 at 11:00 AM local,2025-CP-21-00581,https://www.hubzu.com/property/90117301653-940-VERANDA-WAY-Florence-SC-29501,Hubzu.com,Brock & Scott PLLC,844-856-6646
9543 TANGELO AVE,"Fontana,  CA  92335",San Bernardino,Jul 09 2025 at 1:00 PM local,2025-00114-CA,https://www.hubzu.com/property/91717216119-9543-TANGELO-AVE-Fontana-CA-92335,Hubzu.com,"Western Progressive Trustee, LLC",866-960-8299
9669 S CRANDON AVE,"Chicago,  IL  60617",Cook,Jul 14 2025 at 10:30 AM local,45-1040,https://www.hubzu.com/property/91716961627-9669-S-CRANDON-AVE-Chicago-IL-60617,Hubzu.com,Codilis & Associates PC,630-794-5300
9841 E GAMMA AVE,"Mesa,  AZ  85212",Maricopa,Jul 03 2025 at 10:30 AM local,,https://www.hubzu.com/property/91716869835-9841-E-GAMMA-AVE-Mesa-AZ-85212,Hubzu.com,"Western Progressive - Arizona, Inc.",866-960-8299
